"","values","ind","repeticion","Condiciones","Endulzante","Iluminacion","Dia","Temperatura"
"1",0,"Deriv..Naringenin.hexosido.mg.100mlzumo",1,"Sucralosa dia 0","SU","Luz","0","25º"
"2",0,"Deriv..Naringenin.hexosido.mg.100mlzumo",2,"Sucralosa dia 0","SU","Luz","0","25º"
"3",0.2,"Deriv..Naringenin.hexosido.mg.100mlzumo",1,"Sucralosa 5º dia 15","SU","Luz","15","5º"
"4",0.2,"Deriv..Naringenin.hexosido.mg.100mlzumo",2,"Sucralosa 5º dia 15","SU","Luz","15","5º"
"5",0.2,"Deriv..Naringenin.hexosido.mg.100mlzumo",1,"Sucralosa 25º Luz dia 15","SU","Luz","15","25º"
"6",0.1,"Deriv..Naringenin.hexosido.mg.100mlzumo",2,"Sucralosa 25º Luz dia 15","SU","Luz","15","25º"
"7",0.2,"Deriv..Naringenin.hexosido.mg.100mlzumo",1,"Sucralosa 25º Osc dia 15","SU","Osc","15","25º"
"8",0.2,"Deriv..Naringenin.hexosido.mg.100mlzumo",2,"Sucralosa 25º Osc dia 15","SU","Osc","15","25º"
"9",0.2,"Deriv..Naringenin.hexosido.mg.100mlzumo",1,"Sucralosa 5º dia 30","SU","Luz","30","5º"
"10",0.2,"Deriv..Naringenin.hexosido.mg.100mlzumo",2,"Sucralosa 5º dia 30","SU","Luz","30","5º"
"11",0.1,"Deriv..Naringenin.hexosido.mg.100mlzumo",1,"Sucralosa 25º Luz dia 30","SU","Luz","30","25º"
"12",0.1,"Deriv..Naringenin.hexosido.mg.100mlzumo",2,"Sucralosa 25º Luz dia 30","SU","Luz","30","25º"
"13",0.2,"Deriv..Naringenin.hexosido.mg.100mlzumo",1,"Sucralosa 25º Osc dia 30","SU","Osc","30","25º"
"14",0.2,"Deriv..Naringenin.hexosido.mg.100mlzumo",2,"Sucralosa 25º Osc dia 30","SU","Osc","30","25º"
"15",0.1,"Deriv..Naringenin.hexosido.mg.100mlzumo",1,"Sucralosa 5º dia 45","SU","Luz","45","5º"
"16",0.1,"Deriv..Naringenin.hexosido.mg.100mlzumo",2,"Sucralosa 5º dia 45","SU","Luz","45","5º"
"17",0.2,"Deriv..Naringenin.hexosido.mg.100mlzumo",1,"Sucralosa 25º Luz dia 45","SU","Luz","45","25º"
"18",0.2,"Deriv..Naringenin.hexosido.mg.100mlzumo",2,"Sucralosa 25º Luz dia 45","SU","Luz","45","25º"
"19",0.2,"Deriv..Naringenin.hexosido.mg.100mlzumo",1,"Sucralosa 25º Osc dia 45","SU","Osc","45","25º"
"20",0.2,"Deriv..Naringenin.hexosido.mg.100mlzumo",2,"Sucralosa 25º Osc dia 45","SU","Osc","45","25º"
"21",0.2,"Deriv..Naringenin.hexosido.mg.100mlzumo",1,"Sucralosa 5º dia 60","SU","Luz","60","5º"
"22",0.2,"Deriv..Naringenin.hexosido.mg.100mlzumo",2,"Sucralosa 5º dia 60","SU","Luz","60","5º"
"23",0,"Deriv..Naringenin.hexosido.mg.100mlzumo",1,"Sucralosa 25º Luz dia 60","SU","Luz","60","25º"
"24",0,"Deriv..Naringenin.hexosido.mg.100mlzumo",2,"Sucralosa 25º Luz dia 60","SU","Luz","60","25º"
"25",0,"Deriv..Naringenin.hexosido.mg.100mlzumo",1,"Sucralosa 25º Osc dia 60","SU","Osc","60","25º"
"26",0,"Deriv..Naringenin.hexosido.mg.100mlzumo",2,"Sucralosa 25º Osc dia 60","SU","Osc","60","25º"
"27",0.1,"Deriv..Naringenin.hexosido.mg.100mlzumo",1,"Sucralosa 5º dia 90","SU","Luz","90","5º"
"28",0.1,"Deriv..Naringenin.hexosido.mg.100mlzumo",2,"Sucralosa 5º dia 90","SU","Luz","90","5º"
"29",0,"Deriv..Naringenin.hexosido.mg.100mlzumo",1,"Sucralosa 25º Luz dia 90","SU","Luz","90","25º"
"30",0,"Deriv..Naringenin.hexosido.mg.100mlzumo",2,"Sucralosa 25º Luz dia 90","SU","Luz","90","25º"
"31",0,"Deriv..Naringenin.hexosido.mg.100mlzumo",1,"Sucralosa 25º Osc dia 90","SU","Osc","90","25º"
"32",0,"Deriv..Naringenin.hexosido.mg.100mlzumo",2,"Sucralosa 25º Osc dia 90","SU","Osc","90","25º"
"33",1.4,"Eriodictiol.hexosa.mg.100mlzumo",1,"Sucralosa dia 0","SU","Luz","0","25º"
"34",1.4,"Eriodictiol.hexosa.mg.100mlzumo",2,"Sucralosa dia 0","SU","Luz","0","25º"
"35",1.6,"Eriodictiol.hexosa.mg.100mlzumo",1,"Sucralosa 5º dia 15","SU","Luz","15","5º"
"36",1.6,"Eriodictiol.hexosa.mg.100mlzumo",2,"Sucralosa 5º dia 15","SU","Luz","15","5º"
"37",1.4,"Eriodictiol.hexosa.mg.100mlzumo",1,"Sucralosa 25º Luz dia 15","SU","Luz","15","25º"
"38",1.3,"Eriodictiol.hexosa.mg.100mlzumo",2,"Sucralosa 25º Luz dia 15","SU","Luz","15","25º"
"39",1.3,"Eriodictiol.hexosa.mg.100mlzumo",1,"Sucralosa 25º Osc dia 15","SU","Osc","15","25º"
"40",1.3,"Eriodictiol.hexosa.mg.100mlzumo",2,"Sucralosa 25º Osc dia 15","SU","Osc","15","25º"
"41",1.2,"Eriodictiol.hexosa.mg.100mlzumo",1,"Sucralosa 5º dia 30","SU","Luz","30","5º"
"42",1.2,"Eriodictiol.hexosa.mg.100mlzumo",2,"Sucralosa 5º dia 30","SU","Luz","30","5º"
"43",1.4,"Eriodictiol.hexosa.mg.100mlzumo",1,"Sucralosa 25º Luz dia 30","SU","Luz","30","25º"
"44",1.4,"Eriodictiol.hexosa.mg.100mlzumo",2,"Sucralosa 25º Luz dia 30","SU","Luz","30","25º"
"45",1.3,"Eriodictiol.hexosa.mg.100mlzumo",1,"Sucralosa 25º Osc dia 30","SU","Osc","30","25º"
"46",1.3,"Eriodictiol.hexosa.mg.100mlzumo",2,"Sucralosa 25º Osc dia 30","SU","Osc","30","25º"
"47",1.3,"Eriodictiol.hexosa.mg.100mlzumo",1,"Sucralosa 5º dia 45","SU","Luz","45","5º"
"48",1.3,"Eriodictiol.hexosa.mg.100mlzumo",2,"Sucralosa 5º dia 45","SU","Luz","45","5º"
"49",1.3,"Eriodictiol.hexosa.mg.100mlzumo",1,"Sucralosa 25º Luz dia 45","SU","Luz","45","25º"
"50",1.4,"Eriodictiol.hexosa.mg.100mlzumo",2,"Sucralosa 25º Luz dia 45","SU","Luz","45","25º"
"51",1.5,"Eriodictiol.hexosa.mg.100mlzumo",1,"Sucralosa 25º Osc dia 45","SU","Osc","45","25º"
"52",1.5,"Eriodictiol.hexosa.mg.100mlzumo",2,"Sucralosa 25º Osc dia 45","SU","Osc","45","25º"
"53",1.4,"Eriodictiol.hexosa.mg.100mlzumo",1,"Sucralosa 5º dia 60","SU","Luz","60","5º"
"54",1.4,"Eriodictiol.hexosa.mg.100mlzumo",2,"Sucralosa 5º dia 60","SU","Luz","60","5º"
"55",1.1,"Eriodictiol.hexosa.mg.100mlzumo",1,"Sucralosa 25º Luz dia 60","SU","Luz","60","25º"
"56",1.1,"Eriodictiol.hexosa.mg.100mlzumo",2,"Sucralosa 25º Luz dia 60","SU","Luz","60","25º"
"57",1.2,"Eriodictiol.hexosa.mg.100mlzumo",1,"Sucralosa 25º Osc dia 60","SU","Osc","60","25º"
"58",1.2,"Eriodictiol.hexosa.mg.100mlzumo",2,"Sucralosa 25º Osc dia 60","SU","Osc","60","25º"
"59",1.5,"Eriodictiol.hexosa.mg.100mlzumo",1,"Sucralosa 5º dia 90","SU","Luz","90","5º"
"60",1.5,"Eriodictiol.hexosa.mg.100mlzumo",2,"Sucralosa 5º dia 90","SU","Luz","90","5º"
"61",1.1,"Eriodictiol.hexosa.mg.100mlzumo",1,"Sucralosa 25º Luz dia 90","SU","Luz","90","25º"
"62",1.1,"Eriodictiol.hexosa.mg.100mlzumo",2,"Sucralosa 25º Luz dia 90","SU","Luz","90","25º"
"63",1.2,"Eriodictiol.hexosa.mg.100mlzumo",1,"Sucralosa 25º Osc dia 90","SU","Osc","90","25º"
"64",1.2,"Eriodictiol.hexosa.mg.100mlzumo",2,"Sucralosa 25º Osc dia 90","SU","Osc","90","25º"
"65",1.5,"Naringenin.rutinosido.mg.100mlzumo",1,"Sucralosa dia 0","SU","Luz","0","25º"
"66",1.5,"Naringenin.rutinosido.mg.100mlzumo",2,"Sucralosa dia 0","SU","Luz","0","25º"
"67",1.5,"Naringenin.rutinosido.mg.100mlzumo",1,"Sucralosa 5º dia 15","SU","Luz","15","5º"
"68",1.5,"Naringenin.rutinosido.mg.100mlzumo",2,"Sucralosa 5º dia 15","SU","Luz","15","5º"
"69",1.1,"Naringenin.rutinosido.mg.100mlzumo",1,"Sucralosa 25º Luz dia 15","SU","Luz","15","25º"
"70",1.1,"Naringenin.rutinosido.mg.100mlzumo",2,"Sucralosa 25º Luz dia 15","SU","Luz","15","25º"
"71",0.9,"Naringenin.rutinosido.mg.100mlzumo",1,"Sucralosa 25º Osc dia 15","SU","Osc","15","25º"
"72",0.9,"Naringenin.rutinosido.mg.100mlzumo",2,"Sucralosa 25º Osc dia 15","SU","Osc","15","25º"
"73",1.3,"Naringenin.rutinosido.mg.100mlzumo",1,"Sucralosa 5º dia 30","SU","Luz","30","5º"
"74",1.2,"Naringenin.rutinosido.mg.100mlzumo",2,"Sucralosa 5º dia 30","SU","Luz","30","5º"
"75",1.3,"Naringenin.rutinosido.mg.100mlzumo",1,"Sucralosa 25º Luz dia 30","SU","Luz","30","25º"
"76",1.3,"Naringenin.rutinosido.mg.100mlzumo",2,"Sucralosa 25º Luz dia 30","SU","Luz","30","25º"
"77",1.4,"Naringenin.rutinosido.mg.100mlzumo",1,"Sucralosa 25º Osc dia 30","SU","Osc","30","25º"
"78",1.4,"Naringenin.rutinosido.mg.100mlzumo",2,"Sucralosa 25º Osc dia 30","SU","Osc","30","25º"
"79",1.5,"Naringenin.rutinosido.mg.100mlzumo",1,"Sucralosa 5º dia 45","SU","Luz","45","5º"
"80",1.6,"Naringenin.rutinosido.mg.100mlzumo",2,"Sucralosa 5º dia 45","SU","Luz","45","5º"
"81",0.6,"Naringenin.rutinosido.mg.100mlzumo",1,"Sucralosa 25º Luz dia 45","SU","Luz","45","25º"
"82",0.6,"Naringenin.rutinosido.mg.100mlzumo",2,"Sucralosa 25º Luz dia 45","SU","Luz","45","25º"
"83",0.7,"Naringenin.rutinosido.mg.100mlzumo",1,"Sucralosa 25º Osc dia 45","SU","Osc","45","25º"
"84",0.7,"Naringenin.rutinosido.mg.100mlzumo",2,"Sucralosa 25º Osc dia 45","SU","Osc","45","25º"
"85",1.6,"Naringenin.rutinosido.mg.100mlzumo",1,"Sucralosa 5º dia 60","SU","Luz","60","5º"
"86",1.6,"Naringenin.rutinosido.mg.100mlzumo",2,"Sucralosa 5º dia 60","SU","Luz","60","5º"
"87",0.6,"Naringenin.rutinosido.mg.100mlzumo",1,"Sucralosa 25º Luz dia 60","SU","Luz","60","25º"
"88",0.6,"Naringenin.rutinosido.mg.100mlzumo",2,"Sucralosa 25º Luz dia 60","SU","Luz","60","25º"
"89",0.6,"Naringenin.rutinosido.mg.100mlzumo",1,"Sucralosa 25º Osc dia 60","SU","Osc","60","25º"
"90",0.6,"Naringenin.rutinosido.mg.100mlzumo",2,"Sucralosa 25º Osc dia 60","SU","Osc","60","25º"
"91",1.4,"Naringenin.rutinosido.mg.100mlzumo",1,"Sucralosa 5º dia 90","SU","Luz","90","5º"
"92",1.4,"Naringenin.rutinosido.mg.100mlzumo",2,"Sucralosa 5º dia 90","SU","Luz","90","5º"
"93",0.6,"Naringenin.rutinosido.mg.100mlzumo",1,"Sucralosa 25º Luz dia 90","SU","Luz","90","25º"
"94",0.6,"Naringenin.rutinosido.mg.100mlzumo",2,"Sucralosa 25º Luz dia 90","SU","Luz","90","25º"
"95",0.6,"Naringenin.rutinosido.mg.100mlzumo",1,"Sucralosa 25º Osc dia 90","SU","Osc","90","25º"
"96",0.6,"Naringenin.rutinosido.mg.100mlzumo",2,"Sucralosa 25º Osc dia 90","SU","Osc","90","25º"
"97",5.8,"Hespertin.rutinosido.mg.100mlzumo",1,"Sucralosa dia 0","SU","Luz","0","25º"
"98",5.8,"Hespertin.rutinosido.mg.100mlzumo",2,"Sucralosa dia 0","SU","Luz","0","25º"
"99",5.7,"Hespertin.rutinosido.mg.100mlzumo",1,"Sucralosa 5º dia 15","SU","Luz","15","5º"
"100",5.7,"Hespertin.rutinosido.mg.100mlzumo",2,"Sucralosa 5º dia 15","SU","Luz","15","5º"
"101",3.6,"Hespertin.rutinosido.mg.100mlzumo",1,"Sucralosa 25º Luz dia 15","SU","Luz","15","25º"
"102",3.6,"Hespertin.rutinosido.mg.100mlzumo",2,"Sucralosa 25º Luz dia 15","SU","Luz","15","25º"
"103",3.7,"Hespertin.rutinosido.mg.100mlzumo",1,"Sucralosa 25º Osc dia 15","SU","Osc","15","25º"
"104",3.7,"Hespertin.rutinosido.mg.100mlzumo",2,"Sucralosa 25º Osc dia 15","SU","Osc","15","25º"
"105",4,"Hespertin.rutinosido.mg.100mlzumo",1,"Sucralosa 5º dia 30","SU","Luz","30","5º"
"106",4,"Hespertin.rutinosido.mg.100mlzumo",2,"Sucralosa 5º dia 30","SU","Luz","30","5º"
"107",2.7,"Hespertin.rutinosido.mg.100mlzumo",1,"Sucralosa 25º Luz dia 30","SU","Luz","30","25º"
"108",2.9,"Hespertin.rutinosido.mg.100mlzumo",2,"Sucralosa 25º Luz dia 30","SU","Luz","30","25º"
"109",3.1,"Hespertin.rutinosido.mg.100mlzumo",1,"Sucralosa 25º Osc dia 30","SU","Osc","30","25º"
"110",3.1,"Hespertin.rutinosido.mg.100mlzumo",2,"Sucralosa 25º Osc dia 30","SU","Osc","30","25º"
"111",4.4,"Hespertin.rutinosido.mg.100mlzumo",1,"Sucralosa 5º dia 45","SU","Luz","45","5º"
"112",4.3,"Hespertin.rutinosido.mg.100mlzumo",2,"Sucralosa 5º dia 45","SU","Luz","45","5º"
"113",2.4,"Hespertin.rutinosido.mg.100mlzumo",1,"Sucralosa 25º Luz dia 45","SU","Luz","45","25º"
"114",2.4,"Hespertin.rutinosido.mg.100mlzumo",2,"Sucralosa 25º Luz dia 45","SU","Luz","45","25º"
"115",2.4,"Hespertin.rutinosido.mg.100mlzumo",1,"Sucralosa 25º Osc dia 45","SU","Osc","45","25º"
"116",2.4,"Hespertin.rutinosido.mg.100mlzumo",2,"Sucralosa 25º Osc dia 45","SU","Osc","45","25º"
"117",4.7,"Hespertin.rutinosido.mg.100mlzumo",1,"Sucralosa 5º dia 60","SU","Luz","60","5º"
"118",4.7,"Hespertin.rutinosido.mg.100mlzumo",2,"Sucralosa 5º dia 60","SU","Luz","60","5º"
"119",1.7,"Hespertin.rutinosido.mg.100mlzumo",1,"Sucralosa 25º Luz dia 60","SU","Luz","60","25º"
"120",1.9,"Hespertin.rutinosido.mg.100mlzumo",2,"Sucralosa 25º Luz dia 60","SU","Luz","60","25º"
"121",2.2,"Hespertin.rutinosido.mg.100mlzumo",1,"Sucralosa 25º Osc dia 60","SU","Osc","60","25º"
"122",2.1,"Hespertin.rutinosido.mg.100mlzumo",2,"Sucralosa 25º Osc dia 60","SU","Osc","60","25º"
"123",2.9,"Hespertin.rutinosido.mg.100mlzumo",1,"Sucralosa 5º dia 90","SU","Luz","90","5º"
"124",2.9,"Hespertin.rutinosido.mg.100mlzumo",2,"Sucralosa 5º dia 90","SU","Luz","90","5º"
"125",1.7,"Hespertin.rutinosido.mg.100mlzumo",1,"Sucralosa 25º Luz dia 90","SU","Luz","90","25º"
"126",1.7,"Hespertin.rutinosido.mg.100mlzumo",2,"Sucralosa 25º Luz dia 90","SU","Luz","90","25º"
"127",1.7,"Hespertin.rutinosido.mg.100mlzumo",1,"Sucralosa 25º Osc dia 90","SU","Osc","90","25º"
"128",1.7,"Hespertin.rutinosido.mg.100mlzumo",2,"Sucralosa 25º Osc dia 90","SU","Osc","90","25º"
"129",0,"Deriv..Naringenin.hexosido.mg.100mlzumo",1,"Sacarosa dia 0","SA","Luz","0","25º"
"130",0,"Deriv..Naringenin.hexosido.mg.100mlzumo",2,"Sacarosa dia 0","SA","Luz","0","25º"
"131",0.16,"Deriv..Naringenin.hexosido.mg.100mlzumo",1,"Sacarosa 5º dia 15","SA","Luz","15","5º"
"132",0.16,"Deriv..Naringenin.hexosido.mg.100mlzumo",2,"Sacarosa 5º dia 15","SA","Luz","15","5º"
"133",0.22,"Deriv..Naringenin.hexosido.mg.100mlzumo",1,"Sacarosa 25º Luz dia 15","SA","Luz","15","25º"
"134",0.19,"Deriv..Naringenin.hexosido.mg.100mlzumo",2,"Sacarosa 25º Luz dia 15","SA","Luz","15","25º"
"135",0.18,"Deriv..Naringenin.hexosido.mg.100mlzumo",1,"Sacarosa 25º Osc dia 15","SA","Osc","15","25º"
"136",0.19,"Deriv..Naringenin.hexosido.mg.100mlzumo",2,"Sacarosa 25º Osc dia 15","SA","Osc","15","25º"
"137",0.02,"Deriv..Naringenin.hexosido.mg.100mlzumo",1,"Sacarosa 5º dia 30","SA","Luz","30","5º"
"138",-0.01,"Deriv..Naringenin.hexosido.mg.100mlzumo",2,"Sacarosa 5º dia 30","SA","Luz","30","5º"
"139",-0.04,"Deriv..Naringenin.hexosido.mg.100mlzumo",1,"Sacarosa 25º Luz dia 30","SA","Luz","30","25º"
"140",-0.05,"Deriv..Naringenin.hexosido.mg.100mlzumo",2,"Sacarosa 25º Luz dia 30","SA","Luz","30","25º"
"141",0.04,"Deriv..Naringenin.hexosido.mg.100mlzumo",1,"Sacarosa 25º Osc dia 30","SA","Osc","30","25º"
"142",0.02,"Deriv..Naringenin.hexosido.mg.100mlzumo",2,"Sacarosa 25º Osc dia 30","SA","Osc","30","25º"
"143",-0.02,"Deriv..Naringenin.hexosido.mg.100mlzumo",1,"Sacarosa 5º dia 45","SA","Luz","45","5º"
"144",-0.03,"Deriv..Naringenin.hexosido.mg.100mlzumo",2,"Sacarosa 5º dia 45","SA","Luz","45","5º"
"145",0.34,"Deriv..Naringenin.hexosido.mg.100mlzumo",1,"Sacarosa 25º Luz dia 45","SA","Luz","45","25º"
"146",-0.03,"Deriv..Naringenin.hexosido.mg.100mlzumo",2,"Sacarosa 25º Luz dia 45","SA","Luz","45","25º"
"147",0,"Deriv..Naringenin.hexosido.mg.100mlzumo",1,"Sacarosa 25º Osc dia 45","SA","Osc","45","25º"
"148",0.21,"Deriv..Naringenin.hexosido.mg.100mlzumo",2,"Sacarosa 25º Osc dia 45","SA","Osc","45","25º"
"149",0.15,"Deriv..Naringenin.hexosido.mg.100mlzumo",1,"Sacarosa 5º dia 60","SA","Luz","60","5º"
"150",0.15,"Deriv..Naringenin.hexosido.mg.100mlzumo",2,"Sacarosa 5º dia 60","SA","Luz","60","5º"
"151",0.21,"Deriv..Naringenin.hexosido.mg.100mlzumo",1,"Sacarosa 25º Luz dia 60","SA","Luz","60","25º"
"152",0.21,"Deriv..Naringenin.hexosido.mg.100mlzumo",2,"Sacarosa 25º Luz dia 60","SA","Luz","60","25º"
"153",0.18,"Deriv..Naringenin.hexosido.mg.100mlzumo",1,"Sacarosa 25º Osc dia 60","SA","Osc","60","25º"
"154",0.18,"Deriv..Naringenin.hexosido.mg.100mlzumo",2,"Sacarosa 25º Osc dia 60","SA","Osc","60","25º"
"155",0.19,"Deriv..Naringenin.hexosido.mg.100mlzumo",1,"Sacarosa 5º dia 90","SA","Luz","90","5º"
"156",0.19,"Deriv..Naringenin.hexosido.mg.100mlzumo",2,"Sacarosa 5º dia 90","SA","Luz","90","5º"
"157",0,"Deriv..Naringenin.hexosido.mg.100mlzumo",1,"Sacarosa 25º Luz dia 90","SA","Luz","90","25º"
"158",0,"Deriv..Naringenin.hexosido.mg.100mlzumo",2,"Sacarosa 25º Luz dia 90","SA","Luz","90","25º"
"159",0.25,"Deriv..Naringenin.hexosido.mg.100mlzumo",1,"Sacarosa 25º Osc dia 90","SA","Osc","90","25º"
"160",0.24,"Deriv..Naringenin.hexosido.mg.100mlzumo",2,"Sacarosa 25º Osc dia 90","SA","Osc","90","25º"
"161",1.2,"Eriodictiol.hexosa.mg.100mlzumo",1,"Sacarosa dia 0","SA","Luz","0","25º"
"162",1.2,"Eriodictiol.hexosa.mg.100mlzumo",2,"Sacarosa dia 0","SA","Luz","0","25º"
"163",1.23,"Eriodictiol.hexosa.mg.100mlzumo",1,"Sacarosa 5º dia 15","SA","Luz","15","5º"
"164",1.22,"Eriodictiol.hexosa.mg.100mlzumo",2,"Sacarosa 5º dia 15","SA","Luz","15","5º"
"165",1.44,"Eriodictiol.hexosa.mg.100mlzumo",1,"Sacarosa 25º Luz dia 15","SA","Luz","15","25º"
"166",1.37,"Eriodictiol.hexosa.mg.100mlzumo",2,"Sacarosa 25º Luz dia 15","SA","Luz","15","25º"
"167",1.33,"Eriodictiol.hexosa.mg.100mlzumo",1,"Sacarosa 25º Osc dia 15","SA","Osc","15","25º"
"168",1.33,"Eriodictiol.hexosa.mg.100mlzumo",2,"Sacarosa 25º Osc dia 15","SA","Osc","15","25º"
"169",1.05,"Eriodictiol.hexosa.mg.100mlzumo",1,"Sacarosa 5º dia 30","SA","Luz","30","5º"
"170",1.01,"Eriodictiol.hexosa.mg.100mlzumo",2,"Sacarosa 5º dia 30","SA","Luz","30","5º"
"171",1.27,"Eriodictiol.hexosa.mg.100mlzumo",1,"Sacarosa 25º Luz dia 30","SA","Luz","30","25º"
"172",1.29,"Eriodictiol.hexosa.mg.100mlzumo",2,"Sacarosa 25º Luz dia 30","SA","Luz","30","25º"
"173",1.31,"Eriodictiol.hexosa.mg.100mlzumo",1,"Sacarosa 25º Osc dia 30","SA","Osc","30","25º"
"174",1.3,"Eriodictiol.hexosa.mg.100mlzumo",2,"Sacarosa 25º Osc dia 30","SA","Osc","30","25º"
"175",1.02,"Eriodictiol.hexosa.mg.100mlzumo",1,"Sacarosa 5º dia 45","SA","Luz","45","5º"
"176",1.03,"Eriodictiol.hexosa.mg.100mlzumo",2,"Sacarosa 5º dia 45","SA","Luz","45","5º"
"177",1.33,"Eriodictiol.hexosa.mg.100mlzumo",1,"Sacarosa 25º Luz dia 45","SA","Luz","45","25º"
"178",1.31,"Eriodictiol.hexosa.mg.100mlzumo",2,"Sacarosa 25º Luz dia 45","SA","Luz","45","25º"
"179",1.45,"Eriodictiol.hexosa.mg.100mlzumo",1,"Sacarosa 25º Osc dia 45","SA","Osc","45","25º"
"180",1.44,"Eriodictiol.hexosa.mg.100mlzumo",2,"Sacarosa 25º Osc dia 45","SA","Osc","45","25º"
"181",1.07,"Eriodictiol.hexosa.mg.100mlzumo",1,"Sacarosa 5º dia 60","SA","Luz","60","5º"
"182",1.15,"Eriodictiol.hexosa.mg.100mlzumo",2,"Sacarosa 5º dia 60","SA","Luz","60","5º"
"183",1.41,"Eriodictiol.hexosa.mg.100mlzumo",1,"Sacarosa 25º Luz dia 60","SA","Luz","60","25º"
"184",1.4,"Eriodictiol.hexosa.mg.100mlzumo",2,"Sacarosa 25º Luz dia 60","SA","Luz","60","25º"
"185",1.33,"Eriodictiol.hexosa.mg.100mlzumo",1,"Sacarosa 25º Osc dia 60","SA","Osc","60","25º"
"186",1.32,"Eriodictiol.hexosa.mg.100mlzumo",2,"Sacarosa 25º Osc dia 60","SA","Osc","60","25º"
"187",1.31,"Eriodictiol.hexosa.mg.100mlzumo",1,"Sacarosa 5º dia 90","SA","Luz","90","5º"
"188",1.32,"Eriodictiol.hexosa.mg.100mlzumo",2,"Sacarosa 5º dia 90","SA","Luz","90","5º"
"189",1.52,"Eriodictiol.hexosa.mg.100mlzumo",1,"Sacarosa 25º Luz dia 90","SA","Luz","90","25º"
"190",1.54,"Eriodictiol.hexosa.mg.100mlzumo",2,"Sacarosa 25º Luz dia 90","SA","Luz","90","25º"
"191",1.55,"Eriodictiol.hexosa.mg.100mlzumo",1,"Sacarosa 25º Osc dia 90","SA","Osc","90","25º"
"192",1.56,"Eriodictiol.hexosa.mg.100mlzumo",2,"Sacarosa 25º Osc dia 90","SA","Osc","90","25º"
"193",1.41,"Naringenin.rutinosido.mg.100mlzumo",1,"Sacarosa dia 0","SA","Luz","0","25º"
"194",1.41,"Naringenin.rutinosido.mg.100mlzumo",2,"Sacarosa dia 0","SA","Luz","0","25º"
"195",1.34,"Naringenin.rutinosido.mg.100mlzumo",1,"Sacarosa 5º dia 15","SA","Luz","15","5º"
"196",1.35,"Naringenin.rutinosido.mg.100mlzumo",2,"Sacarosa 5º dia 15","SA","Luz","15","5º"
"197",1.49,"Naringenin.rutinosido.mg.100mlzumo",1,"Sacarosa 25º Luz dia 15","SA","Luz","15","25º"
"198",1.5,"Naringenin.rutinosido.mg.100mlzumo",2,"Sacarosa 25º Luz dia 15","SA","Luz","15","25º"
"199",1.37,"Naringenin.rutinosido.mg.100mlzumo",1,"Sacarosa 25º Osc dia 15","SA","Osc","15","25º"
"200",1.67,"Naringenin.rutinosido.mg.100mlzumo",2,"Sacarosa 25º Osc dia 15","SA","Osc","15","25º"
"201",1.25,"Naringenin.rutinosido.mg.100mlzumo",1,"Sacarosa 5º dia 30","SA","Luz","30","5º"
"202",1.27,"Naringenin.rutinosido.mg.100mlzumo",2,"Sacarosa 5º dia 30","SA","Luz","30","5º"
"203",1.52,"Naringenin.rutinosido.mg.100mlzumo",1,"Sacarosa 25º Luz dia 30","SA","Luz","30","25º"
"204",1.52,"Naringenin.rutinosido.mg.100mlzumo",2,"Sacarosa 25º Luz dia 30","SA","Luz","30","25º"
"205",1.39,"Naringenin.rutinosido.mg.100mlzumo",1,"Sacarosa 25º Osc dia 30","SA","Osc","30","25º"
"206",1.4,"Naringenin.rutinosido.mg.100mlzumo",2,"Sacarosa 25º Osc dia 30","SA","Osc","30","25º"
"207",1.36,"Naringenin.rutinosido.mg.100mlzumo",1,"Sacarosa 5º dia 45","SA","Luz","45","5º"
"208",1.37,"Naringenin.rutinosido.mg.100mlzumo",2,"Sacarosa 5º dia 45","SA","Luz","45","5º"
"209",1.45,"Naringenin.rutinosido.mg.100mlzumo",1,"Sacarosa 25º Luz dia 45","SA","Luz","45","25º"
"210",1.46,"Naringenin.rutinosido.mg.100mlzumo",2,"Sacarosa 25º Luz dia 45","SA","Luz","45","25º"
"211",1.24,"Naringenin.rutinosido.mg.100mlzumo",1,"Sacarosa 25º Osc dia 45","SA","Osc","45","25º"
"212",1.22,"Naringenin.rutinosido.mg.100mlzumo",2,"Sacarosa 25º Osc dia 45","SA","Osc","45","25º"
"213",1.18,"Naringenin.rutinosido.mg.100mlzumo",1,"Sacarosa 5º dia 60","SA","Luz","60","5º"
"214",1.21,"Naringenin.rutinosido.mg.100mlzumo",2,"Sacarosa 5º dia 60","SA","Luz","60","5º"
"215",1.38,"Naringenin.rutinosido.mg.100mlzumo",1,"Sacarosa 25º Luz dia 60","SA","Luz","60","25º"
"216",1.38,"Naringenin.rutinosido.mg.100mlzumo",2,"Sacarosa 25º Luz dia 60","SA","Luz","60","25º"
"217",1.35,"Naringenin.rutinosido.mg.100mlzumo",1,"Sacarosa 25º Osc dia 60","SA","Osc","60","25º"
"218",1.36,"Naringenin.rutinosido.mg.100mlzumo",2,"Sacarosa 25º Osc dia 60","SA","Osc","60","25º"
"219",1.79,"Naringenin.rutinosido.mg.100mlzumo",1,"Sacarosa 5º dia 90","SA","Luz","90","5º"
"220",1.78,"Naringenin.rutinosido.mg.100mlzumo",2,"Sacarosa 5º dia 90","SA","Luz","90","5º"
"221",1.25,"Naringenin.rutinosido.mg.100mlzumo",1,"Sacarosa 25º Luz dia 90","SA","Luz","90","25º"
"222",1.3,"Naringenin.rutinosido.mg.100mlzumo",2,"Sacarosa 25º Luz dia 90","SA","Luz","90","25º"
"223",1.25,"Naringenin.rutinosido.mg.100mlzumo",1,"Sacarosa 25º Osc dia 90","SA","Osc","90","25º"
"224",1.25,"Naringenin.rutinosido.mg.100mlzumo",2,"Sacarosa 25º Osc dia 90","SA","Osc","90","25º"
"225",5.98,"Hespertin.rutinosido.mg.100mlzumo",1,"Sacarosa dia 0","SA","Luz","0","25º"
"226",5.99,"Hespertin.rutinosido.mg.100mlzumo",2,"Sacarosa dia 0","SA","Luz","0","25º"
"227",5.12,"Hespertin.rutinosido.mg.100mlzumo",1,"Sacarosa 5º dia 15","SA","Luz","15","5º"
"228",5.12,"Hespertin.rutinosido.mg.100mlzumo",2,"Sacarosa 5º dia 15","SA","Luz","15","5º"
"229",5.94,"Hespertin.rutinosido.mg.100mlzumo",1,"Sacarosa 25º Luz dia 15","SA","Luz","15","25º"
"230",5.94,"Hespertin.rutinosido.mg.100mlzumo",2,"Sacarosa 25º Luz dia 15","SA","Luz","15","25º"
"231",5.11,"Hespertin.rutinosido.mg.100mlzumo",1,"Sacarosa 25º Osc dia 15","SA","Osc","15","25º"
"232",5.11,"Hespertin.rutinosido.mg.100mlzumo",2,"Sacarosa 25º Osc dia 15","SA","Osc","15","25º"
"233",3.71,"Hespertin.rutinosido.mg.100mlzumo",1,"Sacarosa 5º dia 30","SA","Luz","30","5º"
"234",3.82,"Hespertin.rutinosido.mg.100mlzumo",2,"Sacarosa 5º dia 30","SA","Luz","30","5º"
"235",5.31,"Hespertin.rutinosido.mg.100mlzumo",1,"Sacarosa 25º Luz dia 30","SA","Luz","30","25º"
"236",5.53,"Hespertin.rutinosido.mg.100mlzumo",2,"Sacarosa 25º Luz dia 30","SA","Luz","30","25º"
"237",4.06,"Hespertin.rutinosido.mg.100mlzumo",1,"Sacarosa 25º Osc dia 30","SA","Osc","30","25º"
"238",4.1,"Hespertin.rutinosido.mg.100mlzumo",2,"Sacarosa 25º Osc dia 30","SA","Osc","30","25º"
"239",4.23,"Hespertin.rutinosido.mg.100mlzumo",1,"Sacarosa 5º dia 45","SA","Luz","45","5º"
"240",3.96,"Hespertin.rutinosido.mg.100mlzumo",2,"Sacarosa 5º dia 45","SA","Luz","45","5º"
"241",4.64,"Hespertin.rutinosido.mg.100mlzumo",1,"Sacarosa 25º Luz dia 45","SA","Luz","45","25º"
"242",4.58,"Hespertin.rutinosido.mg.100mlzumo",2,"Sacarosa 25º Luz dia 45","SA","Luz","45","25º"
"243",3.37,"Hespertin.rutinosido.mg.100mlzumo",1,"Sacarosa 25º Osc dia 45","SA","Osc","45","25º"
"244",3.37,"Hespertin.rutinosido.mg.100mlzumo",2,"Sacarosa 25º Osc dia 45","SA","Osc","45","25º"
"245",3.33,"Hespertin.rutinosido.mg.100mlzumo",1,"Sacarosa 5º dia 60","SA","Luz","60","5º"
"246",3.89,"Hespertin.rutinosido.mg.100mlzumo",2,"Sacarosa 5º dia 60","SA","Luz","60","5º"
"247",3.6,"Hespertin.rutinosido.mg.100mlzumo",1,"Sacarosa 25º Luz dia 60","SA","Luz","60","25º"
"248",4.28,"Hespertin.rutinosido.mg.100mlzumo",2,"Sacarosa 25º Luz dia 60","SA","Luz","60","25º"
"249",4.62,"Hespertin.rutinosido.mg.100mlzumo",1,"Sacarosa 25º Osc dia 60","SA","Osc","60","25º"
"250",4.65,"Hespertin.rutinosido.mg.100mlzumo",2,"Sacarosa 25º Osc dia 60","SA","Osc","60","25º"
"251",4.6,"Hespertin.rutinosido.mg.100mlzumo",1,"Sacarosa 5º dia 90","SA","Luz","90","5º"
"252",3.79,"Hespertin.rutinosido.mg.100mlzumo",2,"Sacarosa 5º dia 90","SA","Luz","90","5º"
"253",3.05,"Hespertin.rutinosido.mg.100mlzumo",1,"Sacarosa 25º Luz dia 90","SA","Luz","90","25º"
"254",3.13,"Hespertin.rutinosido.mg.100mlzumo",2,"Sacarosa 25º Luz dia 90","SA","Luz","90","25º"
"255",2.56,"Hespertin.rutinosido.mg.100mlzumo",1,"Sacarosa 25º Osc dia 90","SA","Osc","90","25º"
"256",2.58,"Hespertin.rutinosido.mg.100mlzumo",2,"Sacarosa 25º Osc dia 90","SA","Osc","90","25º"
"257",0,"Deriv..Naringenin.hexosido.mg.100mlzumo",1,"Estevia dia 0","ST","Luz","0","25º"
"258",0,"Deriv..Naringenin.hexosido.mg.100mlzumo",2,"Estevia dia 0","ST","Luz","0","25º"
"259",0.2,"Deriv..Naringenin.hexosido.mg.100mlzumo",1,"Estevia 5º dia 15","ST","Luz","15","5º"
"260",0.2,"Deriv..Naringenin.hexosido.mg.100mlzumo",2,"Estevia 5º dia 15","ST","Luz","15","5º"
"261",0.2,"Deriv..Naringenin.hexosido.mg.100mlzumo",1,"Estevia 25º Luz dia 15","ST","Luz","15","25º"
"262",0.3,"Deriv..Naringenin.hexosido.mg.100mlzumo",2,"Estevia 25º Luz dia 15","ST","Luz","15","25º"
"263",0.2,"Deriv..Naringenin.hexosido.mg.100mlzumo",1,"Estevia 25º Osc dia 15","ST","Osc","15","25º"
"264",0.2,"Deriv..Naringenin.hexosido.mg.100mlzumo",2,"Estevia 25º Osc dia 15","ST","Osc","15","25º"
"265",0.2,"Deriv..Naringenin.hexosido.mg.100mlzumo",1,"Estevia 5º dia 30","ST","Luz","30","5º"
"266",0.2,"Deriv..Naringenin.hexosido.mg.100mlzumo",2,"Estevia 5º dia 30","ST","Luz","30","5º"
"267",0.4,"Deriv..Naringenin.hexosido.mg.100mlzumo",1,"Estevia 25º Luz dia 30","ST","Luz","30","25º"
"268",0.5,"Deriv..Naringenin.hexosido.mg.100mlzumo",2,"Estevia 25º Luz dia 30","ST","Luz","30","25º"
"269",0.2,"Deriv..Naringenin.hexosido.mg.100mlzumo",1,"Estevia 25º Osc dia 30","ST","Osc","30","25º"
"270",0.2,"Deriv..Naringenin.hexosido.mg.100mlzumo",2,"Estevia 25º Osc dia 30","ST","Osc","30","25º"
"271",0,"Deriv..Naringenin.hexosido.mg.100mlzumo",1,"Estevia 5º dia 45","ST","Luz","45","5º"
"272",0,"Deriv..Naringenin.hexosido.mg.100mlzumo",2,"Estevia 5º dia 45","ST","Luz","45","5º"
"273",0,"Deriv..Naringenin.hexosido.mg.100mlzumo",1,"Estevia 25º Luz dia 45","ST","Luz","45","25º"
"274",0,"Deriv..Naringenin.hexosido.mg.100mlzumo",2,"Estevia 25º Luz dia 45","ST","Luz","45","25º"
"275",0.1,"Deriv..Naringenin.hexosido.mg.100mlzumo",1,"Estevia 25º Osc dia 45","ST","Osc","45","25º"
"276",0.1,"Deriv..Naringenin.hexosido.mg.100mlzumo",2,"Estevia 25º Osc dia 45","ST","Osc","45","25º"
"277",0,"Deriv..Naringenin.hexosido.mg.100mlzumo",1,"Estevia 5º dia 60","ST","Luz","60","5º"
"278",0,"Deriv..Naringenin.hexosido.mg.100mlzumo",2,"Estevia 5º dia 60","ST","Luz","60","5º"
"279",0,"Deriv..Naringenin.hexosido.mg.100mlzumo",1,"Estevia 25º Luz dia 60","ST","Luz","60","25º"
"280",0.1,"Deriv..Naringenin.hexosido.mg.100mlzumo",2,"Estevia 25º Luz dia 60","ST","Luz","60","25º"
"281",0.2,"Deriv..Naringenin.hexosido.mg.100mlzumo",1,"Estevia 25º Osc dia 60","ST","Osc","60","25º"
"282",0.2,"Deriv..Naringenin.hexosido.mg.100mlzumo",2,"Estevia 25º Osc dia 60","ST","Osc","60","25º"
"283",0.1,"Deriv..Naringenin.hexosido.mg.100mlzumo",1,"Estevia 5º dia 90","ST","Luz","90","5º"
"284",0,"Deriv..Naringenin.hexosido.mg.100mlzumo",2,"Estevia 5º dia 90","ST","Luz","90","5º"
"285",0.2,"Deriv..Naringenin.hexosido.mg.100mlzumo",1,"Estevia 25º Luz dia 90","ST","Luz","90","25º"
"286",0.2,"Deriv..Naringenin.hexosido.mg.100mlzumo",2,"Estevia 25º Luz dia 90","ST","Luz","90","25º"
"287",0.2,"Deriv..Naringenin.hexosido.mg.100mlzumo",1,"Estevia 25º Osc dia 90","ST","Osc","90","25º"
"288",0.2,"Deriv..Naringenin.hexosido.mg.100mlzumo",2,"Estevia 25º Osc dia 90","ST","Osc","90","25º"
"289",1.7,"Eriodictiol.hexosa.mg.100mlzumo",1,"Estevia dia 0","ST","Luz","0","25º"
"290",1.7,"Eriodictiol.hexosa.mg.100mlzumo",2,"Estevia dia 0","ST","Luz","0","25º"
"291",1.9,"Eriodictiol.hexosa.mg.100mlzumo",1,"Estevia 5º dia 15","ST","Luz","15","5º"
"292",1.8,"Eriodictiol.hexosa.mg.100mlzumo",2,"Estevia 5º dia 15","ST","Luz","15","5º"
"293",1.4,"Eriodictiol.hexosa.mg.100mlzumo",1,"Estevia 25º Luz dia 15","ST","Luz","15","25º"
"294",1.5,"Eriodictiol.hexosa.mg.100mlzumo",2,"Estevia 25º Luz dia 15","ST","Luz","15","25º"
"295",1.1,"Eriodictiol.hexosa.mg.100mlzumo",1,"Estevia 25º Osc dia 15","ST","Osc","15","25º"
"296",1.1,"Eriodictiol.hexosa.mg.100mlzumo",2,"Estevia 25º Osc dia 15","ST","Osc","15","25º"
"297",1.8,"Eriodictiol.hexosa.mg.100mlzumo",1,"Estevia 5º dia 30","ST","Luz","30","5º"
"298",1.8,"Eriodictiol.hexosa.mg.100mlzumo",2,"Estevia 5º dia 30","ST","Luz","30","5º"
"299",1.4,"Eriodictiol.hexosa.mg.100mlzumo",1,"Estevia 25º Luz dia 30","ST","Luz","30","25º"
"300",1.4,"Eriodictiol.hexosa.mg.100mlzumo",2,"Estevia 25º Luz dia 30","ST","Luz","30","25º"
"301",1.1,"Eriodictiol.hexosa.mg.100mlzumo",1,"Estevia 25º Osc dia 30","ST","Osc","30","25º"
"302",1.1,"Eriodictiol.hexosa.mg.100mlzumo",2,"Estevia 25º Osc dia 30","ST","Osc","30","25º"
"303",1.7,"Eriodictiol.hexosa.mg.100mlzumo",1,"Estevia 5º dia 45","ST","Luz","45","5º"
"304",1.7,"Eriodictiol.hexosa.mg.100mlzumo",2,"Estevia 5º dia 45","ST","Luz","45","5º"
"305",0.9,"Eriodictiol.hexosa.mg.100mlzumo",1,"Estevia 25º Luz dia 45","ST","Luz","45","25º"
"306",1,"Eriodictiol.hexosa.mg.100mlzumo",2,"Estevia 25º Luz dia 45","ST","Luz","45","25º"
"307",0.8,"Eriodictiol.hexosa.mg.100mlzumo",1,"Estevia 25º Osc dia 45","ST","Osc","45","25º"
"308",0.8,"Eriodictiol.hexosa.mg.100mlzumo",2,"Estevia 25º Osc dia 45","ST","Osc","45","25º"
"309",1.6,"Eriodictiol.hexosa.mg.100mlzumo",1,"Estevia 5º dia 60","ST","Luz","60","5º"
"310",1.6,"Eriodictiol.hexosa.mg.100mlzumo",2,"Estevia 5º dia 60","ST","Luz","60","5º"
"311",1.4,"Eriodictiol.hexosa.mg.100mlzumo",1,"Estevia 25º Luz dia 60","ST","Luz","60","25º"
"312",1.4,"Eriodictiol.hexosa.mg.100mlzumo",2,"Estevia 25º Luz dia 60","ST","Luz","60","25º"
"313",1.3,"Eriodictiol.hexosa.mg.100mlzumo",1,"Estevia 25º Osc dia 60","ST","Osc","60","25º"
"314",1.3,"Eriodictiol.hexosa.mg.100mlzumo",2,"Estevia 25º Osc dia 60","ST","Osc","60","25º"
"315",1,"Eriodictiol.hexosa.mg.100mlzumo",1,"Estevia 5º dia 90","ST","Luz","90","5º"
"316",1,"Eriodictiol.hexosa.mg.100mlzumo",2,"Estevia 5º dia 90","ST","Luz","90","5º"
"317",1.3,"Eriodictiol.hexosa.mg.100mlzumo",1,"Estevia 25º Luz dia 90","ST","Luz","90","25º"
"318",1.3,"Eriodictiol.hexosa.mg.100mlzumo",2,"Estevia 25º Luz dia 90","ST","Luz","90","25º"
"319",1.3,"Eriodictiol.hexosa.mg.100mlzumo",1,"Estevia 25º Osc dia 90","ST","Osc","90","25º"
"320",1.3,"Eriodictiol.hexosa.mg.100mlzumo",2,"Estevia 25º Osc dia 90","ST","Osc","90","25º"
"321",1.4,"Naringenin.rutinosido.mg.100mlzumo",1,"Estevia dia 0","ST","Luz","0","25º"
"322",1.4,"Naringenin.rutinosido.mg.100mlzumo",2,"Estevia dia 0","ST","Luz","0","25º"
"323",1.4,"Naringenin.rutinosido.mg.100mlzumo",1,"Estevia 5º dia 15","ST","Luz","15","5º"
"324",1.4,"Naringenin.rutinosido.mg.100mlzumo",2,"Estevia 5º dia 15","ST","Luz","15","5º"
"325",1.4,"Naringenin.rutinosido.mg.100mlzumo",1,"Estevia 25º Luz dia 15","ST","Luz","15","25º"
"326",1.4,"Naringenin.rutinosido.mg.100mlzumo",2,"Estevia 25º Luz dia 15","ST","Luz","15","25º"
"327",1.3,"Naringenin.rutinosido.mg.100mlzumo",1,"Estevia 25º Osc dia 15","ST","Osc","15","25º"
"328",1.3,"Naringenin.rutinosido.mg.100mlzumo",2,"Estevia 25º Osc dia 15","ST","Osc","15","25º"
"329",1.5,"Naringenin.rutinosido.mg.100mlzumo",1,"Estevia 5º dia 30","ST","Luz","30","5º"
"330",1.5,"Naringenin.rutinosido.mg.100mlzumo",2,"Estevia 5º dia 30","ST","Luz","30","5º"
"331",1.3,"Naringenin.rutinosido.mg.100mlzumo",1,"Estevia 25º Luz dia 30","ST","Luz","30","25º"
"332",1.3,"Naringenin.rutinosido.mg.100mlzumo",2,"Estevia 25º Luz dia 30","ST","Luz","30","25º"
"333",1.7,"Naringenin.rutinosido.mg.100mlzumo",1,"Estevia 25º Osc dia 30","ST","Osc","30","25º"
"334",1.8,"Naringenin.rutinosido.mg.100mlzumo",2,"Estevia 25º Osc dia 30","ST","Osc","30","25º"
"335",1.5,"Naringenin.rutinosido.mg.100mlzumo",1,"Estevia 5º dia 45","ST","Luz","45","5º"
"336",1.5,"Naringenin.rutinosido.mg.100mlzumo",2,"Estevia 5º dia 45","ST","Luz","45","5º"
"337",0.9,"Naringenin.rutinosido.mg.100mlzumo",1,"Estevia 25º Luz dia 45","ST","Luz","45","25º"
"338",0.9,"Naringenin.rutinosido.mg.100mlzumo",2,"Estevia 25º Luz dia 45","ST","Luz","45","25º"
"339",1.4,"Naringenin.rutinosido.mg.100mlzumo",1,"Estevia 25º Osc dia 45","ST","Osc","45","25º"
"340",1.5,"Naringenin.rutinosido.mg.100mlzumo",2,"Estevia 25º Osc dia 45","ST","Osc","45","25º"
"341",1.4,"Naringenin.rutinosido.mg.100mlzumo",1,"Estevia 5º dia 60","ST","Luz","60","5º"
"342",1.4,"Naringenin.rutinosido.mg.100mlzumo",2,"Estevia 5º dia 60","ST","Luz","60","5º"
"343",1.3,"Naringenin.rutinosido.mg.100mlzumo",1,"Estevia 25º Luz dia 60","ST","Luz","60","25º"
"344",1.3,"Naringenin.rutinosido.mg.100mlzumo",2,"Estevia 25º Luz dia 60","ST","Luz","60","25º"
"345",1.4,"Naringenin.rutinosido.mg.100mlzumo",1,"Estevia 25º Osc dia 60","ST","Osc","60","25º"
"346",1.4,"Naringenin.rutinosido.mg.100mlzumo",2,"Estevia 25º Osc dia 60","ST","Osc","60","25º"
"347",1.2,"Naringenin.rutinosido.mg.100mlzumo",1,"Estevia 5º dia 90","ST","Luz","90","5º"
"348",1.2,"Naringenin.rutinosido.mg.100mlzumo",2,"Estevia 5º dia 90","ST","Luz","90","5º"
"349",1.4,"Naringenin.rutinosido.mg.100mlzumo",1,"Estevia 25º Luz dia 90","ST","Luz","90","25º"
"350",1.4,"Naringenin.rutinosido.mg.100mlzumo",2,"Estevia 25º Luz dia 90","ST","Luz","90","25º"
"351",1.5,"Naringenin.rutinosido.mg.100mlzumo",1,"Estevia 25º Osc dia 90","ST","Osc","90","25º"
"352",1.5,"Naringenin.rutinosido.mg.100mlzumo",2,"Estevia 25º Osc dia 90","ST","Osc","90","25º"
"353",5,"Hespertin.rutinosido.mg.100mlzumo",1,"Estevia dia 0","ST","Luz","0","25º"
"354",5,"Hespertin.rutinosido.mg.100mlzumo",2,"Estevia dia 0","ST","Luz","0","25º"
"355",4.9,"Hespertin.rutinosido.mg.100mlzumo",1,"Estevia 5º dia 15","ST","Luz","15","5º"
"356",4.9,"Hespertin.rutinosido.mg.100mlzumo",2,"Estevia 5º dia 15","ST","Luz","15","5º"
"357",3.8,"Hespertin.rutinosido.mg.100mlzumo",1,"Estevia 25º Luz dia 15","ST","Luz","15","25º"
"358",3.8,"Hespertin.rutinosido.mg.100mlzumo",2,"Estevia 25º Luz dia 15","ST","Luz","15","25º"
"359",3.8,"Hespertin.rutinosido.mg.100mlzumo",1,"Estevia 25º Osc dia 15","ST","Osc","15","25º"
"360",3.7,"Hespertin.rutinosido.mg.100mlzumo",2,"Estevia 25º Osc dia 15","ST","Osc","15","25º"
"361",4.3,"Hespertin.rutinosido.mg.100mlzumo",1,"Estevia 5º dia 30","ST","Luz","30","5º"
"362",4.4,"Hespertin.rutinosido.mg.100mlzumo",2,"Estevia 5º dia 30","ST","Luz","30","5º"
"363",3.5,"Hespertin.rutinosido.mg.100mlzumo",1,"Estevia 25º Luz dia 30","ST","Luz","30","25º"
"364",3.5,"Hespertin.rutinosido.mg.100mlzumo",2,"Estevia 25º Luz dia 30","ST","Luz","30","25º"
"365",4,"Hespertin.rutinosido.mg.100mlzumo",1,"Estevia 25º Osc dia 30","ST","Osc","30","25º"
"366",4,"Hespertin.rutinosido.mg.100mlzumo",2,"Estevia 25º Osc dia 30","ST","Osc","30","25º"
"367",4.2,"Hespertin.rutinosido.mg.100mlzumo",1,"Estevia 5º dia 45","ST","Luz","45","5º"
"368",4.4,"Hespertin.rutinosido.mg.100mlzumo",2,"Estevia 5º dia 45","ST","Luz","45","5º"
"369",2.3,"Hespertin.rutinosido.mg.100mlzumo",1,"Estevia 25º Luz dia 45","ST","Luz","45","25º"
"370",2.1,"Hespertin.rutinosido.mg.100mlzumo",2,"Estevia 25º Luz dia 45","ST","Luz","45","25º"
"371",3.7,"Hespertin.rutinosido.mg.100mlzumo",1,"Estevia 25º Osc dia 45","ST","Osc","45","25º"
"372",3.4,"Hespertin.rutinosido.mg.100mlzumo",2,"Estevia 25º Osc dia 45","ST","Osc","45","25º"
"373",3.7,"Hespertin.rutinosido.mg.100mlzumo",1,"Estevia 5º dia 60","ST","Luz","60","5º"
"374",3.9,"Hespertin.rutinosido.mg.100mlzumo",2,"Estevia 5º dia 60","ST","Luz","60","5º"
"375",2.9,"Hespertin.rutinosido.mg.100mlzumo",1,"Estevia 25º Luz dia 60","ST","Luz","60","25º"
"376",3,"Hespertin.rutinosido.mg.100mlzumo",2,"Estevia 25º Luz dia 60","ST","Luz","60","25º"
"377",4.8,"Hespertin.rutinosido.mg.100mlzumo",1,"Estevia 25º Osc dia 60","ST","Osc","60","25º"
"378",4.7,"Hespertin.rutinosido.mg.100mlzumo",2,"Estevia 25º Osc dia 60","ST","Osc","60","25º"
"379",3.3,"Hespertin.rutinosido.mg.100mlzumo",1,"Estevia 5º dia 90","ST","Luz","90","5º"
"380",3.4,"Hespertin.rutinosido.mg.100mlzumo",2,"Estevia 5º dia 90","ST","Luz","90","5º"
"381",3.7,"Hespertin.rutinosido.mg.100mlzumo",1,"Estevia 25º Luz dia 90","ST","Luz","90","25º"
"382",3.7,"Hespertin.rutinosido.mg.100mlzumo",2,"Estevia 25º Luz dia 90","ST","Luz","90","25º"
"383",3.3,"Hespertin.rutinosido.mg.100mlzumo",1,"Estevia 25º Osc dia 90","ST","Osc","90","25º"
"384",3.3,"Hespertin.rutinosido.mg.100mlzumo",2,"Estevia 25º Osc dia 90","ST","Osc","90","25º"
